member_id,first_name,last_name,dob,gender
1,Wanda,Rampling,1/16/1941,Female
2,Bink,Pinhorn,5/23/1939,Male
3,Gabriel,Barnham,8/23/1949,Female
4,Terrance,Schowenburg,2/14/1953,Male
5,Siward,O'Gormley,1/25/1951,Male
6,Tomkin,Moorfield,5/8/1954,Male
7,Friedrick,Heaven,10/16/1935,Male
8,Cris,Lechmere,4/14/1947,Female
9,Porty,Berendsen,2/25/1940,Male
10,Thaine,Scone,9/7/1938,Male
11,Rickie,Petlyura,3/28/1940,Male
12,Darelle,Vaneev,4/27/1935,Female
13,Amara,Boxell,2/16/1937,Female
14,Evelin,Eyton,4/16/1946,Male
15,Rickie,Gammons,8/6/1951,Male
16,Hatti,Inold,8/19/1950,Female
17,Winnie,Berringer,5/2/1943,Male
18,Illa,Reburn,10/20/1943,Female
19,Orsola,Cosgrive,5/24/1943,Female
20,Marietta,Barsam,1/25/1943,Male
21,Donnamarie,Hartgill,3/16/1948,Female
22,Krispin,Sparwell,4/26/1952,Male
23,Persis,Tebbs,2/7/1935,Female
24,Giuseppe,Stopp,2/12/1941,Male
25,Tan,Pietrzyk,3/14/1943,Male
26,Florinda,Buckenhill,11/4/1937,Female
27,Bella,Milborn,7/21/1938,Female
28,Barbabas,Rabier,10/20/1950,Male
29,Teddi,Costall,12/23/1936,Female
30,Leonie,Gee,10/30/1947,Female
31,Grove,Hatherleigh,1/4/1937,Male
32,Flory,Crudginton,12/29/1945,Female
33,Emylee,Measor,5/20/1952,Female
34,Dame,Howsan,6/21/1939,Male
35,Kimmie,Lamont,9/2/1954,Female
36,Kylen,Dumblton,6/16/1940,Female
37,Ario,Beveredge,5/19/1948,Male
38,Smitty,Doggerell,1/11/1946,Male
39,Cherish,Cliff,5/30/1951,Female
40,Harmony,Akram,4/17/1935,Female
41,Dacy,Vandenhoff,5/15/1937,Female
42,Alphonse,Soule,1/22/1951,Male
43,Pepillo,Pardue,2/17/1947,Male
44,Nikaniki,Crocroft,2/6/1954,Female
45,Darin,Gudger,10/3/1949,Male
46,Felita,Fetherston,1/31/1943,Female
47,Pat,Chamberlaine,4/10/1939,Male
48,Richy,Preshaw,2/9/1946,Male
49,Theo,Celier,3/28/1948,Female
50,Tully,Prettjohn,7/13/1948,Male
51,Tremayne,Le Barr,4/29/1936,Male
52,Biron,Tutin,6/3/1943,Male
53,Joan,Wesley,4/16/1949,Female
54,Denice,Medgwick,10/29/1953,Female
55,Ephrayim,Look,2/21/1950,Male
56,Costa,Lunck,1/4/1944,Male
57,Marcellus,Cordell,2/21/1941,Male
58,Mamie,Rivelin,9/18/1953,Female
59,Edmund,MacArte,1/23/1942,Male
60,Lizette,Scrimshire,8/29/1946,Female
61,Felita,Corns,3/16/1938,Female
62,Bear,Krug,3/8/1946,Male
63,Duffie,Lusher,8/18/1936,Male
64,Otes,Cassell,1/30/1942,Male
65,Kacy,Broadhurst,10/29/1947,Female
66,Rossy,Gavin,10/2/1949,Male
67,Fidelia,Methingam,8/9/1939,Female
68,Selinda,Regelous,10/30/1942,Female
69,Rebeca,Willoughby,11/20/1939,Female
70,Osbourn,Tringham,5/24/1951,Male
71,Griffie,Looby,4/21/1949,Male
72,Stanislaus,Wigfield,9/22/1943,Male
73,Carlos,Erickssen,7/3/1949,Male
74,Tirrell,Tiner,11/1/1951,Male
75,Ward,Courtney,3/18/1935,Male
76,Brose,Northedge,11/28/1945,Male
77,Dave,Jerzyk,12/16/1935,Male
78,Dwight,Eick,5/31/1953,Male
79,Lewie,Scotchbourouge,10/19/1948,Male
80,Taddeusz,Busek,5/18/1935,Male
81,Zaria,Brookes,9/19/1953,Female
82,Jonell,Yoskowitz,5/31/1949,Female
83,Philip,Stirrup,7/23/1950,Male
84,Martita,Louca,9/3/1945,Female
85,Brion,Rude,7/17/1945,Male
86,Price,Gonnelly,5/15/1946,Male
87,Jacky,Bendell,11/19/1934,Female
88,Raviv,Stuart,1/6/1935,Male
89,Alecia,Calles,10/10/1945,Female
90,Elliot,Tambling,12/14/1940,Male
91,Allison,Sussems,9/30/1942,Female
92,Waylan,Gormally,2/17/1935,Male
93,Hewitt,Farebrother,12/11/1950,Male
94,Lanny,Sawart,12/6/1935,Female
95,Natty,St Clair,4/9/1951,Male
96,Rochester,Breache,12/23/1938,Male
97,Tabbitha,MacIllrick,1/11/1940,Female
98,Woodman,Vinnick,8/20/1953,Male
99,Marylinda,Overpool,7/30/1952,Female
100,Babs,Jeske,12/29/1940,Female
101,Conrado,Housegoe,5/13/1950,Male
102,Chicky,Debling,7/8/1951,Male
103,Ema,Garrow,8/7/1942,Female
104,Mathian,Melwall,12/19/1953,Male
105,Corney,Tuckley,11/15/1944,Male
106,Si,Coughlan,4/26/1946,Male
107,Alvis,Muckleston,3/30/1948,Male
108,Hedvig,Stranio,9/10/1952,Female
109,Pierre,Brian,12/8/1937,Male
110,Elyse,Devote,4/12/1935,Female
111,Mirilla,Tythe,11/15/1936,Female
112,Easter,Philson,2/5/1938,Female
113,Derk,Cremen,7/27/1946,Male
114,Aguie,Groundwater,11/9/1940,Male
115,Joy,Stradling,4/4/1949,Female
116,Jaquelyn,Poppleston,1/13/1940,Female
117,Kiley,Khadir,11/5/1940,Female
118,Tymothy,Henker,10/17/1944,Male
119,Aurie,Sawfoot,7/19/1939,Female
120,Amble,Feasey,12/27/1953,Male
121,Harley,Keilty,2/1/1941,Female
122,Nikola,Dik,7/23/1945,Male
123,Chaddie,Braunle,2/7/1935,Male
124,Amandy,Barnfield,3/18/1940,Female
125,Serene,Whiten,7/19/1935,Female
126,Fabiano,Eck,12/22/1951,Male
127,Randall,Fowlds,2/14/1948,Male
128,Beilul,Sitch,1/31/1949,Female
129,Jud,Ayton,6/5/1939,Male
130,Sheff,Ferrolli,5/24/1950,Male
131,Gunilla,Haws,6/2/1948,Female
132,Bamby,Barcroft,7/28/1937,Female
133,Danny,Hammerich,5/19/1944,Male
134,Zak,Dunn,11/12/1934,Male
135,Jo-ann,Cuolahan,2/24/1949,Female
136,Morgun,Phittiplace,10/10/1943,Male
137,Byrle,Palia,12/26/1938,Male
138,Hermy,MacKenny,8/12/1951,Male
139,Amber,Dranfield,3/11/1948,Female
140,Guthry,Boner,2/27/1936,Male
141,Ritchie,Grint,8/3/1949,Male
142,Vivie,Dougliss,12/16/1934,Female
143,Norris,Dane,7/1/1950,Male
144,Gabrielle,Povey,2/27/1952,Female
145,Robyn,Allington,1/4/1952,Female
146,Heriberto,Tatersale,8/7/1949,Male
147,Rutter,Mum,6/26/1953,Male
148,Menard,Scrowton,8/14/1943,Male
149,Hilton,Nunns,5/13/1942,Male
150,Isaac,Haggett,10/16/1943,Male
151,Nettie,O' Hogan,10/31/1952,Female
152,Zacharia,Overstreet,4/16/1945,Male
153,Clarance,Lante,3/21/1940,Male
154,Clarisse,Whodcoat,6/8/1949,Female
155,Agnes,MacCurtain,11/10/1936,Female
156,Abra,Fromant,1/6/1951,Female
157,Jolee,Carlozzi,1/19/1937,Female
158,Oswell,Cotgrove,5/23/1951,Male
159,Constantia,Milroy,8/13/1947,Female
160,Gregory,Grishanin,4/23/1948,Male
161,Gilly,Sale,8/2/1947,Female
162,Cookie,Hazard,9/22/1952,Female
163,Robenia,Warn,10/11/1954,Female
164,Patin,Janeway,3/27/1950,Male
165,Augustina,Lloyd-Williams,7/2/1940,Female
166,Wyatan,Killelay,11/7/1944,Male
167,Jere,Palumbo,10/13/1952,Male
168,Dominica,Matveiko,8/20/1944,Female
169,Sisely,Kimbrough,6/14/1937,Female
170,Glyn,Riggott,9/5/1952,Male
171,Ariana,Castagne,9/9/1950,Female
172,Goldy,Croux,5/17/1944,Female
173,Vitoria,Beaconsall,2/25/1944,Female
174,Irita,Burry,12/7/1936,Female
175,Werner,Millett,7/9/1953,Male
176,Ariel,Brownsmith,6/21/1946,Female
177,Ramon,Puller,7/1/1953,Male
178,Sunny,Ramalhete,4/9/1950,Male
179,Egor,Prettjohn,12/22/1941,Male
180,Johnette,Ceccoli,2/11/1953,Female
181,Jerry,Utton,12/19/1945,Male
182,Mirabel,Ealles,10/25/1950,Female
183,Lowell,Florentine,12/17/1951,Male
184,Ainsley,Overthrow,7/16/1945,Female
185,Mabel,Giannini,6/23/1951,Female
186,Cati,Garrick,6/11/1944,Female
187,Ulla,Hinrichsen,9/24/1950,Female
188,Keefer,Tamlett,11/5/1947,Male
189,Carley,Coulthurst,2/16/1947,Female
190,Torin,Von Salzberg,8/14/1942,Male
191,Benjie,Hickin,3/5/1947,Male
192,Sile,Olivello,4/14/1947,Female
193,Agnella,Keling,2/29/1936,Female
194,Franz,McGrann,12/5/1935,Male
195,Anson,Stranger,10/10/1943,Male
196,Pepita,Akhurst,12/30/1936,Female
197,Cash,Lown,3/12/1944,Male
198,Kara-lynn,Orsay,5/15/1950,Female
199,Barbara,Rasmus,9/24/1937,Female
200,Millisent,Dory,9/21/1945,Female
201,Sondra,Pamplin,4/27/1937,Female
202,Valida,Cheshire,8/16/1939,Female
203,Berri,Furminger,2/19/1953,Female
204,Miner,Darinton,1/10/1951,Male
205,Basil,Bottle,3/20/1942,Male
206,Demeter,Stothard,6/25/1951,Female
207,Angil,Boorer,12/9/1943,Female
208,Letitia,Sawdy,8/1/1935,Female
209,Leoine,Skully,4/23/1950,Female
210,Gilburt,Betteson,1/29/1935,Male
211,Ashlen,Illiston,6/26/1950,Female
212,Andrei,Garratt,9/15/1950,Female
213,Frasquito,Victor,10/24/1940,Male
214,Worthington,Fripp,11/12/1938,Male
215,Gene,McRobb,1/7/1949,Male
216,Ardene,Grumbridge,6/22/1953,Female
217,Artair,Queste,7/27/1949,Male
218,Lem,Hought,12/19/1948,Male
219,Wit,Ciraldo,2/15/1950,Male
220,Faydra,Smillie,3/16/1952,Female
221,Jacquelin,Ruecastle,4/24/1947,Female
222,Nev,Piscopiello,6/6/1945,Male
223,Kristi,Feathers,8/21/1943,Female
224,Meggy,Gouldie,6/27/1950,Female
225,Wit,Yurocjhin,12/7/1936,Male
226,Arni,Millimoe,9/30/1938,Male
227,Malissia,Huddleston,4/8/1940,Female
228,June,Mufford,4/25/1942,Female
229,Shara,Laidlaw,7/26/1951,Female
230,Eleanora,Runnalls,3/15/1952,Female
231,Griffy,Moggle,10/31/1949,Male
232,Orin,Dack,10/7/1945,Male
233,Aylmer,Rehm,1/26/1936,Male
234,Tabitha,Biddulph,10/15/1954,Female
235,Jami,Chatband,5/5/1951,Female
236,Bone,Giffard,5/3/1953,Male
237,Flint,Pauel,1/15/1951,Male
238,Nikoletta,Baffin,10/23/1954,Female
239,Cort,Physick,8/2/1940,Male
240,Thedrick,Braune,3/16/1946,Male
241,Petey,Baudain,8/20/1951,Male
242,Kalvin,Liggens,12/23/1937,Male
243,Charmane,Dubois,9/12/1944,Female
244,Letta,Dennick,11/20/1942,Female
245,Julienne,Paley,9/28/1952,Female
246,Ky,Budnik,3/8/1935,Male
247,Daryl,Adhams,3/31/1952,Female
248,Tremain,Berzen,4/8/1946,Male
249,Paloma,Mardall,6/28/1945,Female
250,Conn,MacHoste,9/26/1939,Male
251,Latia,Padfield,11/26/1942,Female
252,Maddie,Fuller,2/11/1945,Male
253,Iorgo,Parysiak,1/19/1939,Male
254,Gusty,Willcocks,11/29/1950,Female
255,Ariel,Pavlov,1/17/1935,Male
256,Torre,Arthey,2/5/1938,Male
257,Harwilll,Izzett,2/26/1938,Male
258,Ally,Jagger,12/23/1949,Female
259,Jodi,Tuxell,7/13/1939,Male
260,Corey,Brearley,8/27/1941,Male
261,Blakeley,Mannie,5/27/1953,Female
262,Bette,Huguet,6/14/1942,Female
263,Nicholle,Dominicacci,6/10/1943,Female
264,Sydel,Benazet,11/23/1937,Female
265,Romola,Ringham,9/10/1950,Female
266,Bran,Ipplett,1/12/1948,Male
267,Iolande,Loakes,2/16/1937,Female
268,Jock,Blakiston,5/23/1942,Male
269,Tracey,Porte,8/23/1942,Male
270,Mel,Milkins,6/5/1936,Male
271,Dominic,Boycott,4/2/1947,Male
272,Ola,Lansley,2/12/1945,Female
273,Yuri,Mewton,7/7/1943,Male
274,Shalom,Espinel,7/27/1945,Male
275,Herbie,Fieldsend,5/31/1942,Male
276,Lulita,Dublin,10/11/1941,Female
277,Candace,Eastbrook,11/10/1935,Female
278,Whittaker,Liepmann,6/24/1950,Male
279,Shena,Mellem,4/25/1949,Female
280,Doroteya,Beaves,5/3/1947,Female
281,Lisbeth,Widdall,6/28/1941,Female
282,Ingamar,Mathelon,9/1/1940,Male
283,Valentijn,Giacopini,6/15/1939,Male
284,Nevile,Breazeall,6/25/1944,Male
285,Toni,Klaaasen,11/5/1948,Female
286,Quent,Boorer,3/23/1938,Male
287,Gennifer,Fursse,12/6/1941,Female
288,Benjamin,Maclaine,4/1/1941,Male
289,Dav,Peachman,4/30/1945,Male
290,Lexy,Dicey,1/1/1941,Female
291,King,Laetham,1/1/1938,Male
292,Elwira,Filyaev,7/14/1946,Female
293,Shaine,Carse,5/21/1942,Female
294,Davita,Brabin,9/28/1951,Female
295,Amii,Stennard,6/14/1951,Female
296,Margeaux,Pigeon,6/9/1953,Female
297,Bogey,Gallardo,4/30/1945,Male
298,Kellina,Halsall,8/27/1948,Female
299,Ezra,Wiffill,11/22/1935,Male
300,Alaric,Corwin,10/16/1943,Male
301,Micky,Barten,12/15/1939,Female
302,Cairistiona,Faltin,8/11/1950,Female
303,Kelley,Tebboth,4/12/1943,Female
304,Vanny,Atwel,6/5/1944,Female
305,Dyan,Dadson,10/22/1942,Female
306,Frazier,Adderley,7/20/1951,Male
307,Pepillo,Linay,1/24/1942,Male
308,Olenka,Nickless,5/29/1938,Female
309,Annette,Mountney,12/24/1948,Female
310,Roana,Middis,12/6/1936,Female
311,Branden,Jeavon,12/12/1951,Male
312,Gail,Yitzhakof,3/11/1943,Male
313,Koenraad,Deacon,10/20/1935,Male
314,Burton,Degg,1/2/1939,Male
315,Tova,Cake,1/27/1935,Female
316,Ham,Saffon,10/3/1951,Male
317,Christiane,Kenshole,9/14/1943,Female
318,Monro,Miskelly,11/24/1944,Male
319,Fonsie,Goodwill,1/10/1942,Male
320,Caleb,Grigoli,4/25/1954,Male
321,Ernestus,Creamer,12/1/1939,Male
322,Nicko,Dell Casa,11/5/1937,Male
323,Sayers,Dawes,12/30/1953,Male
324,Annis,Ragat,8/14/1949,Female
325,Darnall,Matthai,9/29/1939,Male
326,Maisey,Peal,12/22/1941,Female
327,Sherm,Gilsthorpe,8/21/1947,Male
328,Quentin,Rylatt,7/10/1936,Female
329,Batsheva,Bonson,7/1/1946,Female
330,Dorita,Bachellier,1/31/1945,Female
331,Demetrius,Brittoner,6/1/1935,Male
332,Melody,Palphramand,1/8/1939,Female
333,Marrissa,Le Brum,5/1/1945,Female
334,Lorita,Coward,5/2/1941,Female
335,Aura,Zavattieri,6/30/1954,Female
336,Davine,Wolfe,7/26/1943,Female
337,Anya,Stilly,4/1/1943,Female
338,Sianna,Spacie,3/1/1953,Female
339,Dosi,Greener,9/20/1949,Female
340,Frederick,Furtado,11/3/1938,Male
341,Gavra,Fretwell,4/4/1941,Female
342,Shaw,Aarons,1/15/1951,Male
343,Allianora,Breitler,2/16/1953,Female
344,Ab,Sivyour,2/22/1954,Male
345,Vina,Deroche,7/6/1948,Female
346,North,Storks,6/15/1942,Male
347,Breanne,Coleson,11/16/1943,Female
348,Marietta,Mattschas,10/13/1940,Male
349,Judi,Jamme,11/13/1941,Female
350,Stavro,Lusgdin,4/26/1942,Male
351,Harwell,Moyne,10/18/1940,Male
352,Steffane,Klimuk,2/23/1953,Female
353,Arnaldo,Ottee,2/20/1935,Male
354,Averil,Boggon,12/22/1947,Male
355,Betsey,Clench,2/4/1938,Female
356,Maddy,Atwood,8/2/1940,Male
357,Ashlin,Collingworth,8/6/1942,Male
358,Purcell,Oakshott,1/1/1947,Male
359,Weider,Illston,8/1/1952,Male
360,Orazio,Ormond,9/27/1945,Male
361,Vincenz,O'Feeney,12/6/1949,Male
362,Gerty,Chatell,9/11/1936,Female
363,Patten,Bloan,4/9/1945,Male
364,Dniren,Guilloud,1/21/1939,Female
365,Dar,Anchor,4/6/1936,Male
366,Oberon,Le Marquand,7/31/1940,Male
367,Hazel,Tucsell,7/23/1936,Female
368,Tonya,Luetkemeyer,7/10/1944,Female
369,Noach,Shoreman,9/27/1939,Male
370,Suzie,Baistow,7/10/1941,Female
371,Trenna,Ajean,6/12/1939,Female
372,Winfield,Strettell,2/2/1943,Male
373,Pepi,McAllen,5/18/1950,Female
374,Rosetta,Geillier,2/26/1943,Female
375,Ganny,Stewart,4/29/1953,Male
376,Ethel,Kellough,7/9/1946,Female
377,Juanita,Rouke,5/3/1945,Female
378,Elka,Romaynes,5/30/1953,Female
379,Torry,Amberger,3/9/1938,Male
380,Mason,Cowins,5/22/1946,Male
381,Margalit,Petherick,11/1/1948,Female
382,Abdul,Darnbrook,5/24/1942,Male
383,Boniface,Joseland,8/23/1938,Male
384,Merrick,Eakins,6/19/1936,Male
385,Ninnetta,Dorian,5/30/1950,Female
386,Hashim,Dimock,7/20/1940,Male
387,Wilie,Draayer,10/22/1943,Female
388,Rorie,Lovelock,2/14/1940,Female
389,Fawnia,Pervoe,1/20/1936,Female
390,Corabelle,Caghy,7/6/1941,Female
391,L;urette,Jump,11/20/1944,Female
392,Kristopher,Dengel,6/20/1944,Male
393,Ches,Pollak,9/1/1943,Male
394,Domini,Garthshore,1/27/1946,Female
395,Sherwynd,Imorts,7/11/1936,Male
396,Suzi,Dumphry,10/29/1950,Female
397,Alexia,Stollenbecker,8/1/1950,Female
398,Tessa,Ferriman,4/24/1953,Female
399,Dulcea,Livings,12/21/1938,Female
400,Tracee,Babidge,3/9/1939,Female
401,Gwyn,Greenley,12/13/1953,Female
402,Fulton,Lowrie,4/30/1940,Male
403,Lanie,Piscot,5/20/1945,Female
404,Rosalinde,Bromley,7/26/1937,Female
405,Igor,Tompkiss,9/20/1952,Male
406,Mayor,Britcher,7/16/1953,Male
407,Rana,Bubbear,11/10/1948,Female
408,Jorgan,Vannar,5/22/1952,Male
409,Charlie,Camillo,1/13/1950,Male
410,Salmon,Kneale,5/12/1946,Male
411,Roselia,Majury,11/27/1952,Female
412,Ninnette,Rappaport,8/22/1941,Female
413,Melisande,Melmore,5/3/1949,Female
414,Cleavland,Pollie,1/7/1946,Male
415,Gwenora,Abrahamsohn,2/25/1939,Female
416,Thorstein,Horsell,5/4/1950,Male
417,Taddeo,O'Bradane,4/29/1938,Male
418,Aurelea,Dreinan,3/22/1945,Female
419,Bartram,Stathor,5/24/1936,Male
420,Bartholomeo,Asp,11/3/1936,Male
421,Lauritz,Noli,4/9/1948,Male
422,Mia,Haddinton,10/15/1947,Female
423,Ambrosi,Chitson,7/7/1952,Male
424,Camella,Collard,12/18/1953,Female
425,Lancelot,Taberer,5/14/1949,Male
426,Selle,Barrett,4/30/1953,Female
427,Leoine,Drayton,6/26/1939,Female
428,Bard,Cawthorne,9/4/1948,Male
429,Vinnie,Ferry,3/20/1947,Male
430,Nerita,Ker,4/14/1952,Female
431,Lauryn,Noor,11/30/1939,Female
432,Reynold,Tubble,11/23/1946,Male
433,Waite,Curnnokk,11/7/1938,Male
434,Giordano,Healks,8/22/1942,Male
435,Twyla,Flecknell,1/18/1951,Female
436,Teddie,Huband,2/28/1953,Female
437,Gaspard,Di Ruggero,8/28/1944,Male
438,Emelen,Farrell,5/24/1949,Male
439,Brittney,Cobbald,5/27/1945,Female
440,Gina,Jemison,4/5/1943,Female
441,Jobie,Littlecote,3/9/1941,Female
442,Stewart,Boddice,9/23/1942,Male
443,Robbert,Schimmang,4/30/1938,Male
444,Mignon,Reedy,4/30/1937,Female
445,Inigo,Nye,7/10/1939,Male
446,Flory,Pellington,3/13/1939,Male
447,Kerri,Shreeve,1/8/1935,Female
448,Tanitansy,Bezzant,9/10/1949,Female
449,Sisile,Ladyman,3/30/1942,Female
450,Cordula,Stannah,4/22/1935,Female
451,Alexa,Champness,6/14/1943,Female
452,Brynne,Petrushanko,1/12/1947,Female
453,Hirsch,Moodie,3/11/1942,Male
454,Wyatan,Swenson,3/30/1947,Male
455,Gallagher,Cardo,3/25/1949,Male
456,Skell,Cavil,6/10/1946,Male
457,Abner,Node,7/15/1943,Male
458,Jackie,Marrow,8/11/1938,Male
459,Melanie,Almon,9/29/1945,Female
460,Tove,Pauling,12/13/1938,Female
461,Cathryn,Dineen,6/3/1950,Female
462,Jarrid,Rowbury,9/16/1939,Male
463,Cliff,Clementson,1/13/1946,Male
464,Adelind,Willgress,2/6/1944,Female
465,Andee,Noon,1/27/1948,Female
466,Wolf,Nesey,7/8/1954,Male
467,Ayn,Feehely,2/13/1937,Female
468,Mattie,De Carteret,11/10/1939,Male
469,Jodi,Buzzing,11/28/1949,Male
470,Stu,Jordi,10/29/1948,Male
471,Derrik,Enstone,8/2/1943,Male
472,Marta,Lanahan,6/13/1946,Female
473,Nicolas,Joules,10/8/1944,Male
474,Dotty,Ilbert,8/14/1950,Female
475,Claiborne,Foord,8/20/1944,Male
476,Poul,Gabbitas,3/29/1949,Male
477,Carlen,Penney,4/26/1942,Female
478,Sada,Mapstone,6/21/1935,Female
479,Sigmund,Kirkby,7/13/1949,Male
480,Vanda,Charlot,3/4/1954,Female
481,Dino,Casbolt,6/11/1938,Male
482,Stefano,Prandin,2/25/1946,Male
483,Marilyn,Glidden,11/27/1943,Female
484,Isidore,Gauvain,2/28/1952,Male
485,Wayland,Moar,10/2/1949,Male
486,Benton,Cicconetti,6/26/1936,Male
487,Gay,Neem,7/18/1951,Male
488,Willie,Capper,6/15/1947,Female
489,Eleen,Di Biasio,7/8/1944,Female
490,Rem,Clare,7/8/1946,Male
491,Prudy,Band,12/19/1940,Female
492,Ebonee,Feacham,6/21/1941,Female
493,Vernon,McArthur,7/31/1954,Male
494,Rozamond,Neenan,7/11/1949,Female
495,Nial,Flucks,9/10/1939,Male
496,Aylmer,Burlay,2/7/1940,Male
497,Wyndham,Simmons,8/31/1935,Male
498,Boy,Margrem,12/31/1942,Male
499,Barclay,Walkden,3/29/1940,Male
500,Jenine,Kerry,8/28/1936,Female
501,Emogene,Fearenside,9/7/1951,Female
502,Yehudit,Chorley,6/1/1940,Male
503,Chalmers,Borsnall,12/23/1943,Male
504,Celie,Belasco,3/14/1939,Female
505,Phillip,Cristou,2/26/1952,Male
506,Anjela,Ferie,8/20/1936,Female
507,Marne,Smead,1/5/1945,Female
508,Iago,Izsak,9/4/1944,Male
509,Reena,Melchior,7/23/1940,Female
510,Pansie,Knight,8/24/1944,Female
511,Arther,Jirek,1/5/1936,Male
512,Carissa,Fliege,2/22/1946,Female
513,Kris,Halsworth,1/26/1950,Female
514,Jacenta,Newham,8/31/1942,Female
515,Lila,Adney,5/4/1952,Female
516,Celesta,Esberger,6/20/1937,Female
517,Damien,Bartod,10/12/1954,Male
518,Trix,Lothean,7/2/1950,Female
519,Lucien,Oven,11/9/1938,Male
520,Brit,Etherton,12/21/1951,Male
521,Shirley,Watford,8/25/1940,Female
522,Carmina,Faithfull,7/7/1952,Female
523,Marylou,Lanceley,7/19/1948,Female
524,Kalila,Kimber,4/18/1938,Female
525,Aleda,Westell,4/3/1952,Female
526,Kim,Sanz,11/14/1936,Female
527,Alex,Insull,6/16/1940,Female
528,Cherry,Howen,7/26/1936,Female
529,Bernete,Greenroa,1/14/1954,Female
530,Kermy,Baddam,3/5/1940,Male
531,Nelle,Hubbock,2/19/1945,Female
532,Wald,Hadingham,8/2/1947,Male
533,Timoteo,Howett,4/13/1953,Male
534,Marven,Mower,5/23/1939,Male
535,Alica,Dunlop,4/17/1935,Female
536,Yasmeen,Strover,6/14/1935,Female
537,Jud,Shropshire,11/10/1936,Male
538,Dorie,Moggan,3/18/1949,Male
539,Yvor,McDuffy,11/4/1946,Male
540,Aube,Benard,10/3/1939,Male
541,Fallon,Nicol,6/8/1936,Female
542,Daveta,Gooly,3/25/1936,Female
543,Allissa,Kimmins,12/16/1937,Female
544,Aldrich,Leggate,2/16/1947,Male
545,Atlanta,Halkyard,5/23/1938,Female
546,Martha,Denington,4/15/1940,Female
547,Pascal,Mitchard,10/6/1948,Male
548,Bevin,Over,7/10/1941,Male
549,Cheston,Patman,6/16/1939,Male
550,Patsy,Celes,2/6/1938,Male
551,Meriel,Goodbur,7/9/1938,Female
552,Stuart,Causton,5/9/1945,Male
553,Engelbert,Maciaszek,6/26/1951,Male
554,Derril,Fransoni,5/21/1947,Male
555,Mable,Pohl,11/1/1947,Female
556,Jared,Croce,9/30/1941,Male
557,Hermina,Gheeraert,3/7/1946,Female
558,Sissy,Baggallay,10/4/1954,Female
559,Sharai,Bishop,7/9/1943,Female
560,Prentiss,Lawlance,3/23/1954,Male
561,Bevin,Jacquemy,7/30/1935,Male
562,Barton,Ekkel,5/28/1950,Male
563,Klemens,Wainscoat,5/18/1951,Male
564,Ardelis,Smidmore,12/5/1935,Female
565,Orbadiah,Doe,1/21/1947,Male
566,Sheff,Joynson,2/19/1939,Male
567,Marie-jeanne,Clemonts,3/2/1953,Female
568,Alex,Broadey,11/2/1954,Female
569,Chic,Kardos-Stowe,2/21/1954,Male
570,Filippa,Ramsbotham,4/16/1948,Female
571,Elisabet,Marsh,4/18/1935,Female
572,Nichols,Matyas,4/1/1953,Male
573,Anthea,Seamen,7/2/1954,Female
574,Imelda,Sinney,4/27/1939,Female
575,Janaya,Eckhard,5/5/1937,Female
576,Lonee,Selwyn,8/1/1946,Female
577,Hailey,Kneaphsey,5/28/1935,Male
578,Demott,Gammill,4/22/1944,Male
579,Nickie,Shovlar,5/25/1937,Female
580,Quintina,Akett,12/31/1951,Female
581,Danell,Burberow,2/8/1941,Female
582,Felic,Brewitt,3/23/1951,Male
583,Fannie,Vanichkov,5/4/1947,Female
584,Hogan,Merriton,7/28/1937,Male
585,Christian,Grayling,6/10/1943,Female
586,Alex,Grundell,9/7/1946,Male
587,Urban,Prettyjohn,9/3/1935,Male
588,Wilmer,Frampton,1/6/1945,Male
589,Drusi,Bartolomucci,7/9/1941,Female
590,Collie,Spincke,1/22/1950,Female
591,Zea,Schiefersten,1/22/1953,Female
592,Geneva,Terram,1/24/1948,Female
593,Kaleena,Sutor,11/18/1938,Female
594,Nester,Duggan,12/4/1944,Male
595,Anitra,Saunderson,4/14/1944,Female
596,Korney,Baribal,9/27/1950,Female
597,Melantha,Huckell,8/2/1938,Female
598,Rosy,Leavesley,6/15/1938,Female
599,Louise,Church,7/2/1938,Female
600,Marisa,Lorek,8/7/1936,Female
601,Mordecai,Greenshiels,1/29/1950,Male
602,Kristo,Bunch,9/28/1937,Male
603,Rosabelle,Cupitt,3/7/1944,Female
604,Debbi,Aberdein,10/25/1941,Female
605,Andres,D'Hooghe,5/14/1953,Male
606,Nowell,Aubin,10/23/1941,Male
607,Lezley,Matuska,3/8/1946,Male
608,Jesselyn,Cummine,3/15/1948,Female
609,Carolee,Goreisr,6/10/1953,Female
610,Boniface,Blueman,5/9/1942,Male
611,Rana,Scorthorne,8/28/1940,Female
612,Desi,Elcock,3/26/1947,Male
613,Devan,Pawel,5/20/1947,Female
614,Lora,Braz,12/14/1943,Female
615,Dannel,Cady,9/27/1938,Male
616,Tiffy,Shottin,9/26/1949,Female
617,Drusy,Pudden,12/18/1938,Female
618,Alfons,Chattey,2/15/1946,Male
619,Ilyssa,Febry,8/10/1938,Female
620,Krishnah,Fipp,11/1/1943,Male
621,Dominik,Ayling,12/18/1934,Male
622,Joey,Flowitt,7/11/1939,Male
623,Rancell,Duffell,7/26/1942,Male
624,Celle,Young,11/23/1948,Female
625,Peder,Kuscha,4/13/1947,Male
626,Charin,Fellini,1/19/1935,Female
627,Jacquenette,McDarmid,7/4/1938,Female
628,Xylina,Dane,2/27/1942,Female
629,Kendall,Pointin,9/26/1950,Male
630,Jenilee,Farra,11/21/1942,Female
631,Hi,Villalta,3/25/1952,Male
632,Loutitia,Bumfrey,7/2/1949,Female
633,Richy,Dancer,7/26/1951,Male
634,Reinhold,Davidof,12/21/1944,Male
635,Tripp,Buick,4/30/1946,Male
636,Riley,Robun,6/2/1946,Male
637,Silvano,Beebe,10/14/1946,Male
638,Kelley,Cluet,8/24/1949,Male
639,Kerk,McCowen,12/15/1939,Male
640,Cindra,Cartmale,11/18/1938,Female
641,Kennedy,Gresty,7/1/1942,Male
642,Lodovico,Chape,7/31/1948,Male
643,Kristin,Traite,11/10/1937,Female
644,Cassandre,Grishin,5/4/1954,Female
645,Welsh,Ambresin,11/1/1938,Male
646,Vince,Bunner,10/12/1942,Male
647,Vitoria,Rudman,5/3/1950,Female
648,Eduino,Verlinde,7/19/1942,Male
649,Ara,Hinstridge,4/12/1954,Male
650,Lisbeth,Mantrip,6/23/1950,Female
651,Kati,MacGowan,10/26/1938,Female
652,Edmon,Wadelin,9/6/1952,Male
653,Elna,Kyle,3/21/1948,Female
654,Collete,Mougin,9/27/1950,Female
655,Alexei,Lapthorne,1/24/1944,Male
656,Brnaba,McLauchlin,4/15/1952,Male
657,Zed,Shooter,11/12/1936,Male
658,Mallorie,Noddings,7/8/1942,Female
659,Faulkner,Havick,10/28/1954,Male
660,Ammamaria,Yakebowitch,4/6/1953,Female
661,Jean,Troak,8/20/1944,Male
662,Toinette,Beazleigh,3/10/1951,Female
663,Rex,Oxton,11/6/1936,Male
664,Hobart,Sime,5/7/1935,Male
665,Calli,Frowing,2/7/1940,Female
666,Davine,Arnoult,11/4/1953,Female
667,Wilfrid,Gibby,5/19/1949,Male
668,Hugibert,Maffin,6/25/1946,Male
669,Jermain,Covell,7/18/1939,Male
670,Cristy,Beales,3/16/1942,Female
671,Melissa,Arnason,11/14/1935,Female
672,Marnia,Scard,3/5/1944,Female
673,Bernhard,Cullivan,2/22/1954,Male
674,Cornela,Hatchman,2/17/1953,Female
675,Jeddy,Quipp,3/4/1938,Male
676,Vassily,Dabnot,10/31/1948,Male
677,Tove,Ort,8/8/1953,Female
678,Bennett,Godball,1/5/1954,Male
679,Kane,Josebury,12/19/1951,Male
680,Miquela,Decayette,5/31/1946,Female
681,Farlee,Madison,2/19/1950,Male
682,Erick,Fussen,9/26/1954,Male
683,Alberto,Yven,12/7/1944,Male
684,Madelle,Rigts,9/13/1951,Female
685,Guendolen,Geaves,4/7/1946,Female
686,Wendall,Krause,6/18/1941,Male
687,Lucila,Orridge,9/22/1940,Female
688,Gisella,Barford,6/27/1949,Female
689,Elmo,Kippling,10/11/1943,Male
690,Pam,Dufer,3/3/1949,Female
691,Teador,Laxtonne,8/4/1939,Male
692,Donalt,Rathke,2/16/1952,Male
693,Henrietta,Dunton,12/12/1949,Female
694,Stearne,Annice,2/22/1939,Male
695,Ealasaid,McClenan,3/1/1936,Female
696,Laurent,Kleinhaus,2/3/1942,Male
697,Adora,Boden,3/9/1937,Female
698,Grazia,Le Noury,12/10/1939,Female
699,Danella,Whereat,7/26/1936,Female
700,Oren,Stutter,5/5/1942,Male
701,Engelbert,Henighan,7/25/1937,Male
702,Lyndell,Krikorian,8/9/1940,Female
703,Hadley,Lind,7/23/1936,Male
704,Dara,Pleavin,2/22/1950,Female
705,Donnie,Sprankling,11/12/1941,Female
706,Roseanna,Oyley,9/6/1942,Female
707,Ebonee,Vink,9/4/1942,Female
708,Mike,Hexter,10/21/1953,Male
709,Rici,Domenge,4/9/1949,Female
710,Shaw,Gavaran,9/10/1944,Male
711,Nickolaus,Boughton,3/14/1953,Male
712,Abby,Trehearn,7/24/1945,Male
713,Noland,Rivard,7/6/1936,Male
714,Bettye,Fireman,8/30/1954,Female
715,Sayer,Bohin,2/24/1946,Male
716,Kendrick,Shoebottom,9/24/1935,Male
717,Rochester,Blamphin,10/15/1940,Male
718,Stephanus,Rotham,12/23/1937,Male
719,Gorden,Byrth,5/28/1943,Male
720,Tomas,Gelletly,2/7/1950,Male
721,Delinda,Chipchase,3/12/1939,Female
722,Gregoor,Patron,9/15/1945,Male
723,Salvador,Tamplin,9/8/1939,Male
724,Ardith,Ivanichev,6/16/1948,Female
725,Miguelita,Brixey,4/14/1942,Female
726,Aggy,Coggen,2/14/1944,Female
727,Henri,Sapir,6/20/1946,Male
728,Krisha,Addie,8/18/1949,Male
729,Orlando,Heiden,12/13/1950,Male
730,Herb,Wroath,4/2/1949,Male
731,Magdalene,Sidnall,10/30/1942,Female
732,Alyssa,Buttel,7/14/1954,Female
733,Dare,Baxstair,4/28/1947,Male
734,Mercy,Valett,1/2/1936,Female
735,Staffard,Barthropp,2/2/1942,Male
736,Judith,Langtree,12/31/1952,Female
737,Osmund,Hinemoor,11/14/1937,Male
738,Bibi,Gravenell,10/24/1938,Female
739,Panchito,Cankett,12/7/1944,Male
740,Louisa,Juden,5/27/1949,Female
741,Lars,Churchill,1/22/1943,Male
742,Del,Bartaletti,4/10/1943,Male
743,Arie,Holtaway,10/29/1935,Male
744,Valeria,Mower,4/3/1939,Female
745,Ephrayim,Costall,7/24/1941,Male
746,Boy,Breens,10/23/1948,Male
747,Ferd,Essex,3/29/1950,Male
748,Clari,Chatel,1/12/1949,Female
749,Esma,Vannikov,3/23/1949,Female
750,Phoebe,Bradder,5/30/1954,Female
751,Cale,Dukes,4/13/1947,Male
752,Xenos,Davidge,4/4/1949,Male
753,Vitoria,Milksop,1/9/1954,Female
754,Gael,Haythornthwaite,7/8/1949,Male
755,Starlene,Human,11/26/1953,Female
756,Julie,Gheraldi,11/12/1949,Female
757,Phaidra,Karran,1/25/1935,Female
758,Woody,Dilworth,12/14/1953,Male
759,Frazer,Fulstow,12/10/1934,Male
760,Jackelyn,Weakley,1/18/1940,Female
761,Hazel,MacDougall,10/15/1949,Male
762,Freeman,Blaske,1/28/1938,Male
763,Kerry,Escale,5/17/1949,Female
764,Adda,Bromwich,9/19/1954,Female
765,Marlyn,Woodage,12/8/1938,Female
766,Lotti,Lacotte,7/22/1942,Female
767,Salem,Pimer,7/2/1939,Male
768,Ham,Brassington,10/1/1942,Male
769,Chloris,Hoyt,11/13/1952,Female
770,Jacklyn,Tallboy,12/4/1939,Female
771,Lou,Ridsdale,1/22/1938,Male
772,Ursuline,Simison,4/8/1936,Female
773,Pierette,Moulsdale,4/2/1950,Female
774,Eduino,Mowsdale,12/3/1948,Male
775,Elisabetta,Raw,11/9/1938,Female
776,Conrade,Ambrogi,1/11/1936,Male
777,Marcelline,Marshallsay,7/26/1938,Female
778,Paulina,Crunden,11/19/1941,Female
779,Richardo,Puxley,9/22/1954,Male
780,Beryl,Dansey,4/30/1943,Female
781,Kasey,Firpo,1/13/1935,Female
782,Franciskus,Pinchback,8/2/1953,Male
783,Gran,Guys,2/19/1946,Male
784,Briggs,Couche,9/5/1935,Male
785,Roch,Bellenie,10/24/1945,Female
786,Muriel,Rubinfajn,1/26/1945,Female
787,Lonny,Labro,2/19/1939,Male
788,Innis,Bletsor,1/15/1944,Male
789,Mar,Stanfield,8/30/1952,Male
790,Francesco,Schaumann,1/17/1948,Male
791,Clare,Southouse,3/5/1935,Male
792,Jessica,Brennans,12/31/1953,Female
793,Ogdan,Feldhammer,10/15/1954,Male
794,Vitia,Bradock,2/20/1954,Female
795,Shem,Fehners,11/29/1945,Male
796,Ezechiel,Myrie,10/19/1942,Male
797,Saundra,Simants,10/12/1942,Male
798,Griffy,Merritt,12/19/1948,Male
799,Orlando,McClinton,12/13/1943,Male
800,Trixi,Mathie,7/10/1938,Female
801,Patrice,Matisse,8/15/1951,Male
802,Jerrie,Woodburne,1/19/1947,Male
803,Mona,Binnion,9/12/1937,Female
804,Orv,Woodworth,9/18/1940,Male
805,Jackelyn,Brabbins,6/26/1954,Female
806,Hymie,Suggey,8/1/1939,Male
807,Caldwell,Snibson,3/4/1935,Male
808,Godart,Cullrford,6/22/1942,Male
809,Keelia,Craigmyle,2/5/1936,Female
810,Kerrie,Perin,1/1/1937,Female
811,Fee,McQuode,7/14/1940,Male
812,Asa,Murden,4/11/1943,Male
813,Hilary,Smeeth,12/20/1951,Female
814,Viola,Doncaster,1/30/1937,Female
815,Prescott,Trewartha,4/8/1954,Male
816,Eleanor,Iglesias,6/21/1949,Female
817,Florida,Snassell,7/26/1936,Female
818,Emlyn,Antushev,9/4/1949,Female
819,Jdavie,Spiller,10/8/1954,Male
820,Radcliffe,Luchetti,3/31/1939,Male
821,Burgess,Grumble,2/28/1938,Male
822,Zackariah,Northcote,3/24/1942,Male
823,Winnie,Alessandrucci,9/12/1940,Male
824,Waylen,Cossor,10/1/1944,Male
825,Elmer,Couronne,7/25/1938,Male
826,Garrot,Seabourne,10/20/1953,Male
827,Nevile,Galpen,11/2/1945,Male
828,Ilise,Chess,10/7/1945,Female
829,Joshua,Ghidotti,7/28/1943,Male
830,Elle,Calfe,12/10/1950,Female
831,Bendite,Icke,5/1/1953,Female
832,Candide,Huitson,1/9/1944,Female
833,Velma,Deehan,5/23/1943,Female
834,Hogan,Von Der Empten,3/20/1942,Male
835,Hermann,Hotton,7/12/1946,Male
836,Lilia,Sare,11/10/1951,Female
837,Fabien,Heyfield,12/8/1951,Male
838,Tabina,Disbury,12/13/1950,Female
839,Lina,Okeshott,5/1/1951,Female
840,Kitty,Heinsh,4/8/1939,Female
841,Kent,Stabler,7/28/1943,Male
842,Vernice,Iacomo,12/12/1947,Female
843,Cheryl,Stansbury,4/13/1943,Female
844,Larina,Kalisch,5/23/1939,Female
845,Maxy,Devonside,2/25/1950,Male
846,Lacie,Baldick,9/8/1953,Female
847,Gay,Fettes,6/19/1940,Male
848,Donavon,Lempertz,11/27/1945,Male
849,Giacopo,Humm,5/9/1941,Male
850,Renard,Seear,6/16/1937,Male
851,Marillin,Magnar,7/13/1952,Female
852,Mollie,Halkyard,9/6/1951,Female
853,Robinett,Gorring,12/30/1935,Female
854,Phelia,Kloser,5/30/1936,Female
855,Torre,Thirst,9/20/1949,Male
856,Hermia,Sorley,2/19/1938,Female
857,Ganny,Iffe,6/28/1946,Male
858,Lynelle,Kleehuhler,3/12/1954,Female
859,Ali,Buterton,2/6/1951,Female
860,Mariel,Linkin,1/9/1940,Female
861,Joaquin,Marquand,10/17/1952,Male
862,Cathrine,Reape,11/22/1936,Female
863,Danice,Follitt,7/21/1936,Female
864,Dorian,Ingerson,5/28/1947,Male
865,Siouxie,McIlriach,10/21/1944,Female
866,Editha,Baxstair,7/12/1947,Female
867,Hobard,Wedmore.,11/15/1945,Male
868,Irwin,Licas,11/17/1950,Male
869,Rudie,Willcox,12/19/1937,Male
870,Elva,Jerrome,3/9/1943,Female
871,Vite,Denison,8/1/1948,Male
872,Kym,Deal,8/20/1943,Female
873,Annadiane,Moultrie,11/18/1937,Female
874,Madonna,Pasby,12/3/1935,Female
875,Winnie,Al Hirsi,12/12/1951,Male
876,Fanya,Delagnes,6/7/1939,Female
877,Silva,Lingwood,5/7/1950,Female
878,Fredelia,Dearing,4/12/1945,Female
879,Marcos,Pellett,12/24/1945,Male
880,Tobe,Pinnell,11/23/1952,Female
881,Cletis,Skellern,12/11/1941,Male
882,Elvin,Vyse,5/23/1940,Male
883,Rafe,Kemmet,1/15/1939,Male
884,Adriane,Racher,12/14/1946,Female
885,Ermina,Flay,9/12/1943,Female
886,Gery,Piddington,4/10/1950,Male
887,Morgan,Standen,8/21/1949,Male
888,Chelsae,Pemble,10/10/1950,Female
889,Phylys,Wand,8/14/1945,Female
890,Lina,Snarr,7/7/1943,Female
891,Welbie,Perceval,11/5/1951,Male
892,Sileas,Devine,9/3/1949,Female
893,Brook,Skerme,2/1/1936,Female
894,Allix,Lambillion,3/7/1938,Female
895,Aluino,Biernacki,6/22/1951,Male
896,Alix,Brotherwood,11/27/1936,Female
897,Meade,Gransden,1/30/1936,Male
898,Sile,Gammade,1/22/1950,Female
899,Janeen,Hakking,2/13/1939,Female
900,Winthrop,Hinchon,1/4/1940,Male
901,Dode,Van Vuuren,8/31/1952,Female
902,Joeann,Grigoletti,2/20/1945,Female
903,Torin,Wellsman,2/4/1954,Male
904,Udell,People,1/28/1939,Male
905,Ethelda,Mawman,1/9/1939,Female
906,Chiquita,McElhinney,10/12/1954,Female
907,Willyt,Shillingford,9/13/1953,Female
908,Lyndsey,Creavin,1/18/1953,Female
909,Fayina,Beseke,6/10/1938,Female
910,Jed,Arunowicz,4/11/1942,Male
911,Carlie,Hamper,11/3/1939,Male
912,Madalena,Schettini,8/29/1943,Female
913,Errick,Bridgen,2/24/1941,Male
914,Phillie,Walling,5/12/1940,Female
915,Nobe,Gadeaux,7/23/1944,Male
916,Vinson,Rottger,5/31/1946,Male
917,Nikolos,Timbrell,10/7/1937,Male
918,Corena,Hallows,10/10/1953,Female
919,Emery,Fattore,5/19/1937,Male
920,Anderea,Scargle,11/21/1941,Female
921,Cordie,Sprigg,11/16/1948,Male
922,Cort,Alenshev,10/13/1943,Male
923,Mufinella,Mattheis,9/12/1950,Female
924,Irving,Dilworth,12/9/1952,Male
925,Giffer,Cromie,8/12/1944,Male
926,George,Blaby,9/15/1940,Male
927,Xavier,Gierhard,2/7/1948,Male
928,Anders,Gillean,4/26/1937,Male
929,Greggory,Handyside,9/21/1946,Male
930,Domenico,Wittman,11/2/1945,Male
931,Frasco,Coltman,6/23/1946,Male
932,Der,Beazleigh,7/2/1938,Male
933,Nevin,Broderick,10/27/1938,Male
934,Charlton,Sibbering,9/25/1944,Male
935,Nanny,Perfitt,7/9/1945,Female
936,Jeane,Guye,9/16/1944,Female
937,Eirena,Bindley,10/29/1947,Female
938,Lenee,Eydel,3/19/1935,Female
939,Fowler,Crosthwaite,9/3/1935,Male
940,Timmie,Bourgeois,11/7/1944,Male
941,Byrom,Englishby,6/29/1953,Male
942,Francoise,Silversmid,9/4/1944,Female
943,Darin,Bruff,6/26/1943,Male
944,Rudie,Klimecki,3/21/1952,Male
945,Chantalle,Canby,12/11/1939,Female
946,Emlyn,Stuer,9/11/1935,Male
947,Elfie,Collumbell,5/18/1950,Female
948,Gage,McCarty,11/29/1939,Male
949,Reuben,Dewsnap,4/26/1936,Male
950,Michel,Hamman,1/22/1948,Male
951,Niles,Camosso,9/3/1946,Male
952,Minette,Kerwick,8/1/1935,Female
953,Aurie,White,7/11/1949,Female
954,Eartha,Ditchfield,5/6/1935,Female
955,Clem,Connah,11/27/1950,Female
956,Anthia,Denney,10/18/1944,Female
957,Babb,Riby,10/18/1950,Female
958,Hubie,Charlotte,7/3/1939,Male
959,Hyacinthe,Fochs,11/23/1939,Female
960,Cody,Vickars,1/10/1936,Male
961,Lia,De Robertis,6/14/1937,Female
962,Rosabelle,Honack,6/16/1954,Female
963,Marlon,Skeffington,5/30/1940,Male
964,Hadley,Studde,4/20/1936,Male
965,Hortensia,Sheldon,9/18/1946,Female
966,Emyle,Tolland,11/30/1946,Female
967,Fenelia,Fransman,3/8/1950,Female
968,Crawford,Deuss,6/14/1938,Male
969,Brander,Dack,7/13/1936,Male
970,Iosep,Losel,1/14/1935,Male
971,Beret,Begley,11/7/1942,Female
972,Corissa,Beswick,12/15/1937,Female
973,Shermy,Scirman,3/14/1952,Male
974,Helaina,Cocklie,3/24/1954,Female
975,Danica,Whiteman,11/27/1948,Female
976,Norrie,Hurdidge,4/23/1937,Male
977,Lynnell,Lalonde,6/3/1950,Female
978,Harper,Malyon,3/11/1939,Male
979,Clem,Elener,6/28/1948,Male
980,Eliza,Lieber,8/3/1935,Female
981,Roselia,Schukraft,10/30/1940,Female
982,Rudolf,Rouff,3/11/1946,Male
983,Pattin,Abernethy,6/7/1951,Male
984,Mildred,Knowlys,8/26/1947,Female
985,Clarice,Bulstrode,11/2/1950,Female
986,Rutledge,Gretham,9/11/1936,Male
987,Findley,Daffern,9/4/1939,Male
988,Nestor,Napier,7/4/1944,Male
989,Elvera,Cudd,11/4/1938,Female
990,Austen,Stuehmeier,11/19/1943,Male
991,Marianne,Hatchman,5/21/1953,Female
992,Florinda,Churms,6/21/1954,Female
993,Gil,Lightbown,10/13/1940,Male
994,Aubree,Bixley,5/14/1943,Female
995,Livy,Norcock,5/1/1945,Female
996,Bethanne,Hegden,9/6/1940,Female
997,Benjie,Lampet,8/2/1935,Male
998,Tabbatha,Redmain,6/1/1938,Female
999,Gearard,Pendlington,3/6/1940,Male
1000,Fields,Havill,4/10/1947,Male
